N,P,K,temperature,humidity,ph,rainfall,label
90,42,43,20.87974371,82.00274423,6.502985292,202.9355362,rice
85,58,41,21.77046169,80.31964408,7.038096361,226.6555374,rice
